Country,Change
ISR,0.051000000000000045
CAN,0.025000000000000022
JPN,-0.0020000000000000018
CHN,-0.0030000000000000027
USA,-0.006999999999999895
GBR,-0.028000000000000025
FRA,-0.03200000000000003
DEU,-0.03600000000000003
ITA,-0.039999999999999925
RUS,-0.056999999999999995
ETH,0.125
COD,0.064
SEN,0.038000000000000034
RWA,0.006000000000000005
FJI,-0.014000000000000012
NER,-0.043999999999999984
LBY,-0.04999999999999999
CIV,-0.232
GUY,-0.277
BEN,-0.45
