Country,Change
Israel,0.051000000000000045
Canada,0.025000000000000022
Japan,-0.0020000000000000018
China,-0.0030000000000000027
United States,-0.006999999999999895
United Kingdom,-0.028000000000000025
France,-0.03200000000000003
Germany,-0.03600000000000003
Italy,-0.039999999999999925
Russia,-0.056999999999999995
